Politikbereich,Zweck
Verkehr,"Nord-Süd-Tangente; Linie 26/27, 2.2. Teil-BPU,A"
Bildung,Gedenken zu 30 Jahre Mauerfall
Stadtentwicklung,Lernen Na Logo - Bildungsnetzwerk Hellersdorfer Promenade
Jugend,Kinder- und Jugendambulanz
Jugend,Therapiebad
Integration,Stadtteilmütter in Neukölln
Jugend,Ausbau Familienzentrum
Jugend,Machbarkeitsstudie queeres Jugendzentrum
Jugend,Im Dorf der Hoffnung
Jugend,Projekttage VIELFÄLTIG FREIWILLIG
Bildung,Sprachschulungen für aktive Gropiusstädter
Wirtschaft,Elektrofahrzeug
Integration,Begleitprogramm: Learning by doing
Familie,Kinderbildungscafe
Jugend,Service Learning
Stadtentwicklung,"Bildungs- und Öffentlichkeitsarbeit gemeinwohlorientierte Stadtentwicklung
gemeinwohlorientierte
Bildungs- und Öffentlichkeitsarbeit
gemeinwohlorientierte
Stadtentwicklung"
Stadtentwicklung,"Sachmittel für freiwilliges Engagement in
Nachbarschaften"
Jugend,Erziehungs- und Familienberatungsstellen
Integration,Zusammen Fit für die Schule – Projekt zur Förderung der Sprachentwicklung von Vorschulkindern (FEIN Mittel)
Bildung,Beschaffung Lernmittel- gem. § 101 Abs. 8 SchulG -Freie Schule Ann-Sophie-Grundschule
Kultur,Subculture Berlin 80's
Jugend,Kontakt- und Beratungsstelle/SleepIn (KuB)
Arbeit,"Landeszuschuss für KMU - Lohnkostenzuschuss für ""Das Futterhaus"" - Berlin GmbH & Co. KG"
Jugend,"Gute-Kita-Gesetz- Ausgestaltung pädagogischer Räume, Barrierefreiheit und Gesundheitsförderung"
Arbeit,"Landeszuschuss für KMU - Lohnkostenzuschuss für ""GIRASOLES - SONNENBLUMEN"" e.V."
Arbeit,"Lohnkostenzuschuss für ""GIRASOLES - SONNENBLUMEN"" e.V."
Jugend,Filmreihe mit Diskussion
Kultur,Ausstellung Kunst trifft Industrie - Industrie trifft Kunst und 10 Jahre Industriesalon
Wirtschaft,Personal- und Sachkosten für Öffentlichkeitsarbeit im Rahmen der Entwicklung der Highlights der Industriekultur in Schöneweide
Kultur,Ausstellungen Schöner Strom/Einzug der Elektrizität in historische Puppenstuben
Denkmalschutz,Tour der Arbeit
Kultur,"Digitalisierung ""Online-Präsentation des Technischen Fotoarchivs des ehemaligen Werks für Fernsehelektronik Berlin-Oberschöneweide """
Arbeit,FAV - Hilfskraft im Bereich der Unterstützung bei Hausmeistertätigkeit und handwerklichen Hilfsarbeiten
Arbeit,FAV - Technische Mitarbeit und Bürohilfe
Arbeit,Hilfskraft im Bereich der Unterstützung bei Hausmeistertätigkeit und handwerklichen Hilfsarbeiten
Arbeit,Integrationsassistenten für Migrantengruppen
Arbeit,Technische Mitarbeit und Bürohilfe
Arbeit,Unterstützung ehrenamtlicher Arbeit in der KULTSchule
Wirtschaft,Ladeinfrastruktur
Soziales,Kältehilfe 2016
Soziales,Kältehilfe 2017
Soziales,Notübernachtung
Soziales,Notübernachtung (Kältehilfe)
Gesundheit,APG 0920-68406-353 / Projektnr. APG-MH/1-2020 / Projekt 4 Janz nah draussen
Jugend,Baul. Maßnahme -Schaffung von Plätzen - Kitaausbauprogramm
Gleichstellung,Öffentlichkeitsarbeit und Beschaffung
Verkehr,Radfahrtrainings für geflüchtete Frauen
Wirtschaft,Errichtung einer Betriebsstätte
Wissenschaft,Sonstige Zuschüsse für konsumtive Zwecke im Inland: Kompensation von Mieten/ Umbau von Infrastrukturflächen
Sport,Kosten für die Beschäftigung von hauptberuflichen Trainern mit Schwerpunkt im Kinder- und Jugendsport
Sport,Kosten für die Beschäftigung von Übungsleitern
Sport,Vereinsentwicklungsprogramm
Sport,Fördervereinbarung / Förderung des Jugendwettkampfsports
Sport,Masterplan Integration und Sicherheit durch Sport
Stadtentwicklung,Trainingscamp in den Herbstferien
Sport,Schaffung besserer Trainingsbedingungen für die Jugendarbeit des 1. FC Lübars (BVV-Sondermittel)
Bildung,Profivereine machen Kita - Bewegungs- und Sportförderung an Kitas
Bildung,Profivereine machen Schule - Bewegungs- und Sportförderung an Grundschulen
Sport,Kosten für die Beschäftigung von hauptberuflichen Verwaltungskräften in Sportverbänden und -vereinen
Sport,Kosten für die Beschäftigung von hauptberuflichen Trainerinnen und Trainern mit Schwerpunkt im Kinder- und Jugendsport
Sport,Teilhabeprogramm / „Inklusionsbogensport“
Sport,Fördervereinbarung / Leistungssportförderung
"Bürgerschaftliches Engagement, Bürgerbeteiligung",Neuanlage Steingarten und Neubepflanzung einer Hecke
Sport,Sondermittelantrag Nummer 2
Sport,Sport im Park
Stadtentwicklung,Samstagsveranstaltung für jedermann
Sport,Masterplan / Sportangebote für geflüchtete Menschen
Sport,"Durchführung eines Projektes ""Sport im Park"""
Integration,Sport und Integration (Flüchtlingssport in der Leichtathletik)
Sport,Masterplan für Integration: Flüchtlingssport in der Leichtathletik
Sport,Parksport / Laufen in Marzahn
Sport,Kosten für die Beschäftigung von hauptberuflichen Verwaltungskräften in Sportverbänden und -vereinen als Projekt
Wirtschaft,Digitalprämie Berlin
Wirtschaft,Unterstützung der Aufbauphase von Existenzgründungen und Startups
Arbeit,Lohnkostenzuschuss für 100 Prozent UG (haftungsbeschränkt)
Wirtschaft,Realisierungsberatung
Wirtschaft,Automatisierte Flächenrückführung von Vernetzung anatomischer Strukturen
"Kirchen, Religions-, Weltanschauungsgemeinschaften",interreligiöse Werkstatt
"Kirchen, Religions-, Weltanschauungsgemeinschaften",Buchprojekt
Wirtschaft,"Entwicklung und Vermarktung einer Anwendung im Bereich""Data Mining for People Analytics"""
Wirtschaft,"Forschungsarbeiten im Bereich ""Data Mining for PeopleAnalytics"""
Wirtschaft,14 km Film- und Diskussionsreihe 2016
Wirtschaft,"außerschulische Bildung Projekt ""14km de:kolonial"""
Bildung,Jugendforschungsschiff
Wirtschaft,Plug-In-Hybrid
Wirtschaft,"""Traffic Optimizer"", eine innovative Entwicklungsprogrammierung einer IT-Software für Unternehmen und Netzwerke im Online Marketing"
Wirtschaft,"Entwicklung der IT-Software ""Clickshield"" - basierend auf Cloudtechnologien mit dem Ziel von hohen Kosteneinsparungen für Unternehmen im Online Marketing."
Arbeit,Landeszuschuss für KMU - Lohnkostenzuschuss für 2wheels4u GmbH
Wirtschaft,Erforschung und Implementierung emotionstragender linguistischer Strukturen in Produktbeschreibungen
Wirtschaft,"Erforschung und Implementierung von ""Key Facts"" in Produktbeschreibungen"
Wirtschaft,Entwicklung einer technologischen Infrastruktur für innovative Textgenerierung aus Daten des Business Intelligence
Wirtschaft,Erforschung von Algorithmen zur Analyse von Finanzmarktdaten und einer Textgenerierung (B2txt)
Arbeit,Lohnkostenzuschuss für 2wheels4u GmbH
Stadtentwicklung,Nachbarschaftswerkstatt
"Kirchen, Religions-, Weltanschauungsgemeinschaften",Durchführung des 36. Deutschen Evangelischen Kirchentages in Berlin
"Kirchen, Religions-, Weltanschauungsgemeinschaften",Durchführung des 36. Evangelischen Kirchentages in Berlin
"Kirchen, Religions-, Weltanschauungsgemeinschaften","Mitfinanzierung des Regionalen Kulturprogrammes der Landeskirche im Rahmen des 36. Deutschen Evangelischen Kirchentages vom 24.05. bis 28.05.2017 in Berlin, hier: Programmkosten juriertes Programm"
Wirtschaft,Plug-in-Hybrid
Wirtschaft,Erweiterung einer Betriebsstätte
Kultur,Open House 2020 (Atelierhaus am Flutgraben 3) November 2020
Kultur,"Veranstaltungsreihe ""3 AM Das Projekt"""
Wirtschaft,Coaching
Wirtschaft,Messe Integrated Systems Europe 2018 vom 06. - 09.02.2018 in Amsterdam (NL)
Wirtschaft,Messeteilnahme Integrated Systems Europe 2017 vom 07. - 10.02.2017 in Amsterdam (NL)
Wirtschaft,EuroCIS 2019 Düsseldorf vom 19.02.-21.02.2019
Wirtschaft,"Integrated Systems 2019, Amsterdam 5.2.-8.2.2019"
Wirtschaft,Integrated Systems Europe 2020 Amsterdam vom 03.02.-07.02.2020
Wirtschaft,Integrated Systems Europe vom 02. bis 05.02.2021 in Barcelona
Wirtschaft,Natürliche Sprachdialog-Steuerung für Orientierungs- und Wegeleitsysteme
Wirtschaft,"Integrated Systems Europe 2016, 09.02. - 12.02.2016 in Amsterdam"
Wirtschaft,Technologie- und Wissenstransfer
Wirtschaft,Coaching_1
Wirtschaft,Coaching_2
Wirtschaft,Coaching_3
Arbeit,Lohnkostenzuschuss für 3pc GmbH / Neue Kommunikation
Kultur,Plattform der Vernetzung und Solidarität für geschlossene Kultureinrchtungen
Wirtschaft,Produktdesigner/-in zur Implementierung und Umsetzung eines kontinuierlichen Entwicklungsprozesses für digitale Produkte
Wirtschaft,Erweiterte Produkt- und Wachstumsstrategie für die im Bereich der Content-Management-Systeme selbst entwickelten Technologien mit Fokus auf neue Geschäftsprozesse und -modelle
Wirtschaft,Erweiterte Produkt- und Wachstumsstrategie für die im Bereich der Künstlichen Intelligenz selbst entwickelten Technologien im Fokus auf Softwareentwicklung und Beratung
Wirtschaft,Aufbau und ablauforganisatorische Umsetzung eines Controllingsystems
Wirtschaft,Entwicklung und Einführung einer produktbezogenen Kommunikations- und Marketingstrategie im B2B-Bereich
Wirtschaft,Smart 3D-Printing
Wirtschaft,Smart 3D-Printing_74
Wirtschaft,"Entwicklung der Druckbarkeitsanalyse, Plugins, White-Label-Feature und deren Markteinführung"
Wirtschaft,Erforschung einer automatischen 3D-Druckbarkeitsanalyse für mehrfarbige 3D-Modelle
Wirtschaft,Machbarkeitsuntersuchungen aus Sicht des Architekturmodellbaus im 3D-Druckverfahren
Kultur,Atonal 2017
Kultur,"""Atonal 2018"""
Kultur,Berlin Atonal 2018
Kultur,"Projekt ""Atonal 2018"""
Kultur,Berlin Atonal
Kultur,Berlin Atonal 2020
Wirtschaft,"GCCM Europe 2017 in London, vom 21. - 23.02.2017"
Wirtschaft,"ITW 2017 in Chicago/USA, vom 14. - 17.05.2017"
Wirtschaft,"GCCM Europe 2018, London, vom 14. - 15.02.2018"
Wirtschaft,"International Telecoms Week / Euromoney Institutional Investor PLC vom 06. - 09.05.2018, London"
Wirtschaft,"GCCM 2020 London, vom 10.02. bis 11.02.2020"
Wirtschaft,Teilnahme an GCCM Europe 2019/London vom 13. - 14.02.2019
Wirtschaft,"Global Carrier Community Meeting (GCCM), 28.06.-29.06.2016, Berlin"
Wirtschaft,BigData in der Logistik: Multiskale und kombinatorische Optimierungsmethoden (LogiScale)
Wirtschaft,Aufbau und prozessorganisatorische Umsetzung einer Leitwarte im Rahmen der technischen Betriebsführung von Windenergieanlagen
Wirtschaft,Entwicklung eines interdisziplinären Windenergie Datenbanksystems zur Verknüpfung und intelligenten Auswertung unternehmensinterner sowie frei zugänglicher Daten unterschiedlicher Quellen und unterschiedlichen Datentyps
Wirtschaft,Potenzialberatung
Wirtschaft,Entwicklung eines teil-automatisierten Scoutingprozess um neue Trends zu identifizieren und bestehende Trends zu monitoren
Wirtschaft,Einführung des zertifizierten Verfahrens ITIL (Information Technology Infrastructure Library)
Wirtschaft,UX/UI Design Serviceplattform 4yourfinance
Wirtschaft,User Interface Design / Corporate Design / Markenstrategie
Wirtschaft,multi-Sensorsystem Akustik und KI
Wirtschaft,MOKE - Lesen von Magnettonspuren mit Hilfe des Magneto optischen Kerr-Effekts
Wirtschaft,Entwicklung eines digitalen Workshop-Konzept für Enduser im Bereich Produktion inkl. zugehörigen mobiler Applikation
Wirtschaft,WvSC - EA 2.0 Elektrische Antriebstechnik 2.0
Wirtschaft,Machine Learning Basierte Prognose von Verkäufen
Wirtschaft,Machine Learning basierte Vorhersage von Preiselastizitäten
Wirtschaft,Weiterentwicklung der Meditationstrainings-App
Kultur,Konzertreihe SALON OBLIQUE
Kultur,"Inside, Joy"
Kultur,Technisches Equipment
Kultur,SYNÄSTHESIE IV
Wirtschaft,Produktdesign für ein robustes smartphonebasiertes Auswertegerät für Schnelltestsysteme
Wirtschaft,Wissenschaftliche Untersuchung und Konstruktion eines spezifischen Analysegerätes zur Auswertung von Lateral-Flow-Assays für Schnelltestsysteme
Wirtschaft,layerJS Editor UI Konzept
Wirtschaft,Skalierbarer Data-Stack für KMU
Wirtschaft,Automatisierung und Erweiterung der Innenausstattungsplattform von 99chairs - automated 99chairs_51
Wirtschaft,Automatisierung und Erweiterung der Innenausstattungsplattform von 99chairs - automated 99chairs_52
Arbeit,Lohnkostenzuschuss für 99designs GmbH
Integration,Join in - Berufsbezogene Deutsch-Förderung für Geflüchtete
Arbeit,Ausbildung in Sicht: Deutsch & Berufsorientierung für junge MigrantInnen
Arbeit,Ausbildung in Sicht: Deutsch & Berufsorientierung für junge Neu-BerlinerInnen
Arbeit,FAV - Integrationslotsen zur Unterstützung von Integrationsaktivitäten
Arbeit,"FAV - Kunst-, Kultur-, Media- und Naturaktivitäten von Kindern"
Arbeit,FAV - Projekthelfer - Zusätzliche Angebote in der bezirklichen Projektarbeit
Arbeit,FAV - Projekthelfer in der Biologie-Station der Dathe-Oberschule
Arbeit,Gästeführer/Stadtführer
Arbeit,"Integrationslotsinnen/-en für Migrantinnen/-en, neu zugewanderte und geflüchtete Menschen"
Arbeit,Online Marketing & Social Media mit integrierter Deutsch-Förderung
Arbeit,Online-Marketing & Social Media mit integrierter Deutsch-Förderung
Arbeit,Schneidern & Mode-Design mit integrierter Deutsch-Förderung
Arbeit,Veranstaltungsmanagement mit integrierter Deutsch-Förderung
Arbeit,Vorbereitung auf Erzieherberufe mit integrierter Deutsch-Förderung
Arbeit,Erziehung & Soziales mit integrierter Deutsch-Förderung
Arbeit,Event-Management mit integrierter Deutsch-Förderung
Arbeit,Integrationslotsen zur Unterstützung von Integrationsaktivitäten
Arbeit,Join in - Berufsbezogene Deutsch-Förderung für Geflüchtete
Arbeit,"Kunst-, Kultur-, Medien- und Naturaktivitäten für Kinder"
Arbeit,Online-Marketing & Social Media mit integrierter Sprachförderung
Arbeit,Projekthelfer - Zusätzliche Angebote in der bezirklichen Projektarbeit
Arbeit,Projekthelfer in der Biologie-Station der Dathe-Oberschule
Arbeit,Schneidern & Modedesign mit integrierter Sprachförderung
Arbeit,Tourismus & Gaststättengewerbe mit integrierter Deutsch-Förderung
Kultur,dancing b(l)ack dada
Umwelt,Nachhaltig und Gesund - Interkulturelles Wasserprojekt im Donaukiez
Wirtschaft,"Der innovative Babysauger ""Lucky-Lulli"" soll entwickelt und zur Marktreife gebracht werden: Optimierung der Form, Materialtests, Produktionsverfahren (Zwei K Spritzguss) prüfen."
Arbeit,"Besondere Zielgruppen, insbesondere junge Flüchtlinge: Deutsch & Berufsorientierung"
Arbeit,Deutsch & Berufsorientierung für junge Geflüchtete
Arbeit,Deutsch & Berufsorientierung für junge MigrantInnen
Arbeit,Erziehung & Soziales + Deutsch
Arbeit,Event- und Kulturmanagement + Deutsch
Arbeit,Gastgewerbe & Tourismus + Deutsch
Arbeit,Heilberufe & Pflege + Deutsch
Arbeit,Online-Marketing & Social Media + Deutsch
Arbeit,"Besondere Zielgruppen, insbesondere junge Flüchtlinge: Deutsch & Berufsorientierung für junge Geflüchtete"
Arbeit,"Sprache, Orientierung und Ausbildung: Deutsch & Berufsorientierung für junge Migrant*innen"
Arbeit,"Sprache, Orientierung und Ausbildungsreife: Deutsch & Berufsorientierung für junge MigrantInnen"
Arbeit,"Kunst-, Kultur-, Media- und Naturaktivitäten von Kindern"
Arbeit,"Erziehung, Pflege & Soziales + Deutsch"
Arbeit,Ausbildungsreife und Schulabschluss: (Erweiterte) Berufsbildungsreife
Arbeit,"Sprache, Orientierung und Ausbildungsreife: Deutsch & Berufsorientierung für junge Migrant*innen"
Wirtschaft,Entwicklung eines Verfahrens zur Herstellung eisenhaltiger Proteinpartikel aus Hanfprotein
Arbeit,Landeszuschuss für KMU - Lohnkostenzuschuss für A.A.A. THILOS GmbH
Arbeit,Lohnkostenzuschuss für A.F.A.S. Security & Service GmbH
Wirtschaft,"Entwicklung neuer Systemanwendungen zur elektrotechnischen Gebäudebeheizung unter Berücksichtigung eines veränderten Strommixes aus ""grüner bzw. konventioneller (grauer) Energie"""
Wirtschaft,"Absichtserkennung, Sprachtrendanalyse & Generierung von Formulierungsvarianten"
Wirtschaft,"Entwicklung einer innovativen, Cloud-basierten Middleware für Sprachautomatisierung"
Wirtschaft,Aufbau einer innovativen Vertriebsplattform im Rahmen von Skalierungsinitiative
Wirtschaft,Entwicklung eines Reinforcement Learning Systems zur effizienteren Nutzung von Produktivdaten
Wirtschaft,Sprachmodelle und Self-Service-Tool
Wirtschaft,Einführung von Komposit-Dialogentwicklung
Wirtschaft,Übertragung der künstlichen Intelligenz auf weitere Sprachen
Wirtschaft,Evaluierung eines Markteintritts in Frankreich
Wirtschaft,Gestaltung und Einführung eines partizipativen Zielsetzungsmechanismus
Wirtschaft,Aaron Automatisierte Kundeninteraktion
Wirtschaft,Aaron Matchmaking Tool V1
Kultur,World at Noon
Kultur,World od noon
Kultur,Basisförderung Bildende Kunst
Wirtschaft,Kontinuierliche Dokumentation und Zertifizierung einer Software als Medizinprodukt und Sicherstellung der Konformität mit regulatorischen Anforderungen an eine Digitale Gesundheitsanwendung (DiGA)
Arbeit,girlsatec - Mädchen erobern technische Berufe
Arbeit,girlsatec- Mädchen erobern technische Berufe
Arbeit,Zusatzqualifikationen für digitale Kompetenzen in der Aus- und Weiterbildung
Arbeit,girlsatec - Junge Frauen erobern technische Berufe
Arbeit,girlsatec - Mädchen erobern technische Berufe (2015)
Arbeit,Teste Technik: Schraube an deiner beruflichen Zukunft 2016
Arbeit,Transferstelle Zusatzqualifikation digitale Kompetenzen für Auszubildende und Ausbildungspersonal
Wirtschaft,"Um- und Ausbau des ABB Aus- und Weiterbildungszentrums Berlin (Haus 14) in der Lessingstraße 79, in 13158 Berlin durch die ABB Ausbildungszentrum Berlin gGmbH"
Wirtschaft,"Ergänzende Ausstattung für das ABB Aus- und Weiterbildungszentrums Berlin; ABB Ausbildungszentrum Berlin gGmbH, Lessingstraße 79, 13158 Berlin"
Wirtschaft,"Ergänzende Ausstattung für das Aus- und Weiterbildungszentrums Berlin ABB Ausbildungszentrum Berlin gGmbH, Lessingstraße 89, 13158 Berlin"
Arbeit,Deutsch für den Beruf und Basisqualifikation in der Pflege
Arbeit,Nachträglicher Erwerb des Mittleren Schulabschlusses
Arbeit,Nachträglicher Erwerb des Mittleren Schulabschlusses für junge Mütter
Arbeit,Qualifizierung vor Beschäftigung - Deutsch für den Beruf und Basisqualifizierung
Arbeit,Qualifizierung vor Beschäftigung - Nachträglicher Erwerb des MSA
Arbeit,Qualifizierung vor Beschäftigung - Nachträglicher Erwerb des MSA für junge Mütter
Arbeit,Qualifizierung vor Beschäftigung - Nachträglicher Erwerb des MSA mit erhöhtem Betreuungsbedarf
Arbeit,Vorbereitung auf eine Ausbildung zum Sozialassistent / zur Sozialassistentin
Arbeit,Nachträglicher Erwerb des Mittleren Schulabschlusses für junge Mütter und Väter
Arbeit,Nachträglicher Erwerb des MSA
Arbeit,Vorbereitung auf eine Ausbildung zum Sozialassistenten/ zur Sozialassistentin
Arbeit,Nachträglicher Erwerb des MSA mit dem Schwerpunkt: Überwindung der Prüfungsangst
Arbeit,Nachträglicher Erwerb des MSA mit naturwissenschaftlicher Ausrichtung
Arbeit,Nachträglicher Erwerb des Mittleren Schulabschlusses für junge Geflüchtete
Arbeit,Nachträglicher Erwerb des Mittleren Schulabschlusses für junge Menschen mit Migrationshintergrund
Arbeit,Nachträglicher Erwerb des Mittleren Schulabschlusses für junge Mütter und Alleinerziehende
Arbeit,Nachträglicher Erwerb des Mittleren Schulabschlusses mit naturwissenschaftlicher Ausrichtung
Arbeit,Nachträglicher Erwerb des MSA für Geflüchtete
Arbeit,Basisqualifizierung für die Pflegemit dem Schwerpunkt Arbeit mit Demenzkranken
Jugend,"Treffpunkt, Beratungs- und Dokumentationsstelle für Menschen mit Heimerfahrung"
Wirtschaft,Untersuchungen zur Eignung von Ultraschall-Zerstäubung und Infrarot-Trocknung für das Trocknen von in Lösung befindlichen Mikroorganismen
Wirtschaft,"Organisation und Durchführung der Veranstaltung ""Loop 2017"""
Antidiskriminierung,ABqueer
Antidiskriminierung,Aufklärungs- und Bildungsarbeit zu LSBTIQ Lebensweisen
Integration,Sprachcafé
Wirtschaft,Technologietransfer zur effektiven Regenerierung von Schaltschiebern
Wirtschaft,Keramisierung von Zylinderbohrungen (Schaltschieber) im hydraulischen Steuersystem von verschlissenen Automatikgetrieben
Arbeit,absent friends e.V.
Wirtschaft,"Implementierung eines Template-Systems für Stellenanzeigen, welches die Abwicklung des Kernproduktes Stellenanzeige entscheidend vereinfacht"
Soziales,Sondermittel der BVV - Weihnachtsfeier 2019 ser Bezirksgruppe Spandau
Arbeit,Betreuungsassistent/-in (ABT-Kurs BEA-16.1)
Arbeit,Fachkraft für Sicherheitsdienstleistungen (ABT-Kurs SFK-16.1)
Arbeit,Fachkraft für Sicherheitsdienstleistungen (ABT-Kurs SFK-16.2)
Arbeit,Fachkraft für Sicherheitsdienstleistungen (ABT-Kurs SFK-16.3)
Arbeit,Pflege- und Betreuungsassistent/-in (ABT-Kurs AKP-16.1)
Arbeit,Qualifizierung vor Beschäftigung - Fachkraft für Sicherheitsdienstleistungen (ABT-Kurs SFK-15.2)
Arbeit,Sozialassistent/-in Familie - Schwerpunkt Kinderbetreuung und -pflege (ABT-Kurs KIB-16.1)
Arbeit,Sozialassistent/-in Familie - Schwerpunkt Kinderbetreuung und -pflege (ABT-Kurs KIB-16.2)
Arbeit,Assistent/-in für Kinderbetreuung und -pflege (ABT-Kurs KIB-17.2)
Arbeit,Assistent/-in für Kinderbetreuung und -pflege (KIB-17.1)
Arbeit,Betreuungsassistent/-in (ABT-Kurs BEA-16.2)
Arbeit,Betreuungsassistent/-in (BEA-17.1)
Arbeit,Fachkraft für Sicherheitsdienstleistungen (ABT-Kurs SFK-17.1)
Arbeit,Fachkraft für Sicherheitsdienstleistungen (ABT-Kurs SFK-17.2)
Arbeit,Fachkraft für Sicherheitsdienstleistungen (ABT-Kurs SFK-17.3)
Arbeit,Fachkraft für Sicherheitsdienstleistungen (ABT-Kurs SFK-17.4)
Arbeit,Pflege- und Betreuungsassistent/-in (ABT-Kurs AKP/BEA-17.2)
Arbeit,Pflege- und Betreuungsassistent/-in (ABT-Kurs AKP-17.1)
Arbeit,Assistent/-in für Kinderbetreuung und -pflege (ABT-Kurs KIB-18.1)
Arbeit,Assistent/-in für Kinderbetreuung und -pflege (ABT-Kurs KIB-18.2)
Arbeit,Assistent/-in für Kinderbetreuung und -pflege (ABT-Kurs KIB-18.3)
Arbeit,Fachkraft für Sicherheitsdienstleistungen (ABT-Kurs SFK-18.1)
Arbeit,Fachkraft für Sicherheitsdienstleistungen (ABT-Kurs SFK-18.2)
Arbeit,Fachkraft für Sicherheitsdienstleistungen (ABT-Kurs SFK-18.3)
Arbeit,Fachkraft für Sicherheitsdienstleistungen (ABT-Kurs SFK-18.4)
Arbeit,Pflege- und Betreuungsassistent/-in (ABT-Kurs AKP/BEA-18.1)
Arbeit,Pflege- und Betreuungsassistent/-in (ABT-Kurs AKP/BEA-18.2)
Arbeit,Assistent/-in für Kinderbetreuung und -pflege (ABT-Kurs KIB-19.1)
Arbeit,"Assistent/-in für Kinderbetreuung und -pflege (Erzieherhelfer/-in, ABT-Kurs KIB-19.2)"
Arbeit,Assistent/-in für Kinderbetreuung und -pflege / Erzieherhelfer/-in (ABT-Kurs KIB-19.3)
Arbeit,Assistent/-in für Kinderbetreuung und -pflege / Erzieherhelfer/-in (ABT-Kurs KIB-19.4)
Arbeit,Fachkraft für Wach- und Sicherheitsdienste (ABT-Kurs SFK-19.2)
Arbeit,Fachkraft für Wach- und Sicherheitsdienste (ABT-Kurs SFK-19.3)
Arbeit,Fachkraft für Wach- und Sicherheitsdienste (ABT-Kurs SFK-19.4)
Arbeit,Fachkraft für Wach- und Sicherheitsdienste (SFK-19.1)
Arbeit,Pflege- und Betreuungsassistent/-in (ABT-Kurs AKP/BEA-19.2)
Arbeit,Assistent/-in für Kinderbetreuung und -pflege / Erzieherhelfer/-in (ABT-Kurs KIB-20.1)
Arbeit,Assistent/-in für Kinderbetreuung und -pflege / Erzieherhelfer/-in (ABT-Kurs KIB-20.2)
Arbeit,"Assistent/-in für Pflege, Betreuung und Alltagsbegleitung (ABT-Kurs PBA/BEA-20.1)"
Arbeit,Fachkraft für Wach- und Sicherheitsdienste (ABT-Kurs SFK-20.1)
Arbeit,Fachkraft für Wach- und Sicherheitsdienste (ABT-Kurs SFK-20.2)
Arbeit,Fachkraft für Wach- und Sicherheitsdienste (ABT-Kurs SFK-20.3)
Arbeit,Fachkraft für Wach- und Sicherheitsdienste (ABT-Kurs SFK-20.4)
Bildung,Erfüllung der von der Einrichtung beantragten Anschubfinanzierung f. Gründung eines bezirkl. Alphabündnisses Berlin Marzahn-Hellersdorf
Arbeit,Ausbildung junger Erwachsener - Nachqualifizierung
Arbeit,BAPP-12: Verbund
Arbeit,BAPP-13: Verbund
Arbeit,Berliner JobCoaching - Berliner JobCoaching 2015
Arbeit,Berliner JobCoaching 2016
Arbeit,BVBO 2. 0 - Rudolf Virchow Schule 10. Klasse - M 4 -
Arbeit,BVBO 2.0 - 2016/2017 - Friedrich 10
Arbeit,BVBO 2.0 - 2016/2017 - Friedrich 8
Arbeit,BVBO 2.0 - 2016/2017 - Friedrich 9
Arbeit,BVBO 2.0 - 2016/2017 - Hecker 10
Arbeit,BVBO 2.0 - 2016/2017 - Hecker 8
Arbeit,BVBO 2.0 - 2016/2017 - Hecker 9
Arbeit,BVBO 2.0 - 2016/2017 - Kerschensteiner 9
Arbeit,BVBO 2.0 - 2016/2017 - Mozart 8
Arbeit,BVBO 2.0 - 2016/2017 - Mozart 9
Arbeit,BVBO 2.0 - 2016/2017 - Sartre 11
Arbeit,BVBO 2.0 - 2016/2017 - Virchow 10
Arbeit,BVBO 2.0 - 2016/2017 - Virchow 8
Arbeit,BVBO 2.0 - 2016/2017 - Virchow 9
Arbeit,BVBO 2.0 - 2016/2017 - Wachsmann 10
Arbeit,BVBO 2.0 - 2016/2017 - Wachsmann 9
Arbeit,BVBO 2.0 - Caspar David Friedrich Schule 10. Klasse - M 4 -
Arbeit,BVBO 2.0 - Caspar David Friedrich Schule 8. Klasse - M 1 -
Arbeit,BVBO 2.0 - Caspar David Friedrich Schule 9. Klasse - M 3 -
Arbeit,BVBO 2.0 - Kerschensteiner Schule 9. Klasse - m 3 -
Arbeit,BVBO 2.0 - Konrad-Wachsmann-Schule 10. Klasse
Arbeit,BVBO 2.0 - Konrad-Wachsmann-Schule 8. Klasse
Arbeit,BVBO 2.0 - Konrad-Wachsmann-Schule 9. Klasse
Arbeit,BVBO 2.0 - Rudolf Virchow Schule 10. Klasse - M 4 -
Arbeit,BVBO 2.0 - Rudolf Virchow Schule 8. Klasse - M 1 -
Arbeit,BVBO 2.0 - Rudolf Virchow Schule 9. Klasse - M 3 -
Arbeit,BVBO 2.0 - Wolfgang A. Mozart Schule 10. Klasse - M 4
Arbeit,BVBO 2.0 - Wolfgang A.-Mozart-Schule Klasse 9
Arbeit,BVBO 2.0 Hecker 10
Arbeit,BVBO 2.0.- 2016/2017 - Mozart 10
Arbeit,BVBO 2.0.- 2616/2017 - Kerschensteiner 10
Arbeit,Kerschensteiner 10 BVBO 2.0
Arbeit,L2 - BAPP 2014: Verbund
Arbeit,L2 - BAPP 2015: Verbund
Bildung,Praxislerngruppen
Integration,Fahrradkurs für geflüchtete Frauen zwecks Förderung ihrer Selbständigkeit und Stärkung ihres Selbstbewustseiens
Gleichstellung,Frauenladen - Projekt 7 - 01/07/2019 - 30/06/2020
Gleichstellung,Frauenladen - Projekt 8 - 01/01/2020 - 31/12/2020
Gleichstellung,Frauenladen - Projekt 9 - 01/07/2020 - 30/06/2021
Integration,Förderung der Arbeitsmarktintegration zugewanderter Menschen
Jugend,Körper und Seele
Soziales,Interkulturelle Öffnung
Soziales,Soziale Integration von VietnamesInnen in Treptow-Köpenick
Soziales,Spätaussiedlerberatung und Migranten-Seniorenarbeit
Integration,Föderung der Arbeitsmarktintegration zugewanderter Menschen
Frauen,Frauenladen - Kurs 1 - 01/072016 - 30/06/2017 - Prüfung Juni 2017
Frauen,Frauenladen 1
Frauen,Frauenladen 2
Jugend,Berufliche Qualifizierung
Jugend,"Mietkostenzuschuss ""Nachschlag"""
Jugend,NACHSCHLAG -Berufliche Qualifizierung sozial benachteiligter Jugendlicher
Bildung,Erfüllung der von der Einrichtung beantragten Anschubfinanzierung f. Gründung eines bezirkl. Alphabündnisses Berlin Charottenburg-Wilmersdorf
Familie,FLAT FAMILY - Stadtteilmütter
Gleichstellung,Frauen BQB Land - zusätzliche Landesmittel
Gleichstellung,Frauen Existenzgründungskurse - Goldrausch Künstlerinnenprojekt
Gleichstellung,Frauen OuQ - Frauenladen - Kurs 1 - 01/072016 - 30/06/2017 - Prüfung Juni 2017
Gleichstellung,Frauen OuQ - Frauenladen - Kurs 2 - 01/01/2017 - 31/12/2017 Prüfung November 2017
Gleichstellung,Frauen OuQ - Frauenladen - Kurs 3 - 01/07/2017 - 30/06/2018 - Prüfung Juni 2018
Gleichstellung,Frauenladen - Kurs 3 - 01/07/2017 - 30/06/2018 - Prüfung Juni 2018
Gleichstellung,Frauenladen -Projekt 4 - 01/01/2018 - 31/12/2018
Gleichstellung,Frauenladen - Projekt 5 - 01/07/2018 - 30/06/2019
Gleichstellung,Frauenladen
Gleichstellung,Frauenladen - Projekt 6 - 01/01/2019 - 31/12/2019
Gleichstellung,Frauenladen_Finanzierung von Kosten während unterrichtsfreier Zeit 2021
Verkehr,Beschaffung (e-)Lastenrad
Arbeit,Landeszuschuss für KMU - Lohnkostenzuschuss für Acar & Batur Lebensmittel OHG
Forschung,Institutionelle Förderung im Rahmen der Gemeinschaftsfinanzierung
Wirtschaft,Konzeptionierung und Umsetzung eines Auktionsmechanismus sowie eines Reportingsystems für Risiko- und Compliance-Monitoring
Wirtschaft,"Konzeptionierung, Umsetzung und Dokumentation eines Pricing-Mechanismus"
Wirtschaft,"Analyse, Entwicklung und Erprobung der Blockchain-Technologie"
Wirtschaft,Entwicklung einer Debt Capital Markets (DCM) Plattform_1
Wirtschaft,Entwicklungsunterstützung einer Debt Capital Markets (DCM) Plattform_2
Wirtschaft,Planung und Entwicklung eines Preismodells spezifisch für KMU (kleine und mittelständige Unternehmen)-Kredite.
Arbeit,Landeszuschuss für KMU - Lohnkostenzuschuss für Accelero Bioanalytics GmbH
Arbeit,Lohnkostenzuschuss für Accelero Bioanalytics GmbH
Wirtschaft,"Internationale Tour ""Handmade in Germany"" in New York vom 20. -23.05.2018"
Verkehr,Mobileo
Verkehr,Abgefahren
Verkehr,Mobililli und der UmweltTiger
Verkehr,Mobilili und der UmweltTiger
Wirtschaft,Customer Discovery 1 / 2020
Kultur,19|20|17
Kultur,Filmfestival
Kultur,BERLIN NEU(N) NULL
Wirtschaft,Coaching2
Wirtschaft,Coaching1
Wirtschaft,"Systematische Untersuchung des nicht ordnungsgemäßen Betriebs von PIDs für verschiedene Umweltbedingungen, Lokalisation von Schwachstellen im Aufbau und Erarbeitung von Maßnahmen zur Ergänzung oder Substitution relevanter Komponenten"
Verbraucherschutz,"""Ackern schafft Integration - Pilotierung und Konsolidierung des innovativen Bildungsprogramms ""GemüseAckerdemie"" an Schulden in sozialen Brennpunkten in Berlin"""
Wirtschaft,AINN@acs-plus: Kompetenzaufbau im Bereich von künstlicher Intelligenz und Neuronalen Netzen und Einsatz in Pilotprojekten
Arbeit,ACT - gemeinsam neue Wege gehen
Kultur,Ein Stück Frieden
Kultur,"Heimat, Utopia und andere Orte…"
Kultur,Durchführung von Theaterprojektwochen
Kultur,"Theaterprojektwoche ""Theatrale Erkundung und Sensibilisierung für Gefühlsthemen"""
Kultur,Theaterprojektwoche
Stadtentwicklung,Resonanz
Stadtentwicklung,Resonanz - Qualität durch gelingende Beziehungsgestaltung
Wirtschaft,Integration & Vermarktung Industrie-Standard für digitale Einzigartigkeit / Uniqueness Ecosystem
Kultur,Kunstprojekt Dezentrale Kulturarbeit / 48h NK
Kultur,Kulturförderung
Wirtschaft,Teilnahme an der Gamescom in Köln 22.8.2018 - 25.8.2018
Verkehr,"ÖPNV, Fahrrad, Auto -VS - Aktionstage auf BVG Betriebshöfen"
Verkehr,Mit dem Bike uns zu Fuß sicher Unterwegs
Verkehr,Mit dem Bike und zu Fuß sicher unterwegs
Wirtschaft,Wachstum mit Schwerpunkt Internationalisierung
Wirtschaft,Entwicklung und Implementierung eines KI basierten Systems im Bereich AdTech für Facebook Ads
Bildung,Pädagogisches Trickfilmprojekt für Grundschüler für ein nachhaltiges Transportsystem
Umwelt,Lastenrad für Berlin-Friedrichshagen
Verkehr,ADFC Sommer und Herbst-Checks 2020
Verkehr,ADFC: Frühlings- und Herbstchecks
Verkehr,Fahrrad-Sicherheitschecks
Arbeit,"Qualifizierung zum/zur Theaterpädagog_in mit interkuktureller Kompetenz, Schwerpunkt internationale Beziehungen"
Arbeit,"Qualifizierung zum/zur Theaterpädagog_in mit nterkultureller Kompetenz, Schwerpunkt internationale Beziehungen"
Wirtschaft,"»Signaletik App« Web-Applikation zur Planung, Verwaltung und Nutzung von Leit- und Orientierungssystemen in Krankenhäusern"
Wirtschaft,"»Briefing App« Interaktives Planungstool für Kommunikationsmaßnahmen im Bereich Corporate Design, Informationsdesign und Signaletik"
Wirtschaft,Beräumung Gewerbefläche Flurstück 6024 und Rückbau des Gebäude 2.1
Wirtschaft,Beräumung Gewerbeflächen Teilfläche ehemaliger Kohlebahnhof - A - 1900 -
Wirtschaft,Beräumung und Erschließung des Gewerbegebietes Gleislinse in Berlin-Schöneweide
Wirtschaft,Errichtung eines Kältenah- und Notstromverbundes zwischen Häusern des Innovations- und Gründerzentrums (IGZ) auf dem Campus Berlin-Buch
Wirtschaft,Beräumung Gewerbeflächen Flurstück 7395 und 7397 - A 1903
Kultur,Bühnenprogramm Adlershofer Herbstfest
Kultur,Kinderfest zum Adlershofer Herbstfest
Kultur,Unterstützung Adlershofer Herbstfest
Kultur,Herbstfest in Adlershof Bühnenprogramm
Stadtentwicklung,Erneuerung der Gedenktafel für das Zwangsarbeiterlager an der KGA Adlergestell
Stadtentwicklung,Informationstafel des Ortschronisten auf dem Friedhof Adlershof
Arbeit,Landeszuschuss für KMU - Lohnkostenzuschuss für ADMOS Gleitlager GmbH
Arbeit,Lohnkostenzuschuss für ADMOS Gleitlager GmbH
Wirtschaft,Laserassistierte Beschichtungstechnologie für nachhaltige Gleitlager als effizienter Ersatz des Schleudergussverfahrens zur Reduktion des Schwermetallgehalts in Lagerbronzen
Wirtschaft,Evaluierung von Auswirkungen der Entwicklung einer datengetriebenen Plattform auf den Vertrieb von Desinfektionsmittelspendern für den B2B-Markt
Wirtschaft,"digital marketing exposition & conference (dmexco) 2016, vom 14.09. - 15.09.2016 in Köln"
Wirtschaft,Entwicklung und Markteinführung algorithmischer hochperformanter Lösungen für die AMP_41
Wirtschaft,Erforschung algorithmischer hochperformanter Lösungen für die AMP_40
Gesundheit,Suchthilfeprojekt NOKTA für Menschen aus verrschiedenen Kulturen
Gesundheit,Suchthilfeprojekt NOKTA für Menschen aus verschiedenen Kulturen
Wirtschaft,Aufbau und Konfiguration eines dedizierten CRMs zur Endkundenkommunikation für die Mittelstandskunden von advalyze
Wirtschaft,advanced AUDIENCE Al
Wirtschaft,advanced AUDIENCE DAP
Soziales,Suppenküche im Adventhaus Zehlendorf in der Zeit von 01.01.-31.03. und 01.11.-31.12.2019
Soziales,Suppenküche im Adventhaus Zehlendorf in der Zeit von 01.01.-31.03. und 01.12.-31.12.2020
Soziales,Kältehilfe; Suppenküche im Adventhaus Zehlendorf in der Zeit von November bis März
Soziales,Kältehilfe; Suppenküche im Adventhaus Zehlendorf in der Zeit von 01.01.-31.03. und 01.11.-31.12.2018
Sport,Kauf eines Segelflugzeuges
Wirtschaft,AX Automated News
Bildung,Beschaffung von Lernmitteln für die Schüler/inenn
Bildung,Beschaffung von Lernmitteln
Wirtschaft,"117. Kongress DOG 2019, Berlin 26.9. - 29.9.2019"
Wirtschaft,"31. Internationale Kongress DOC, Nürnberg, 23.5.-25.5.2019"
Wirtschaft,"AAD 2019 -Kongress für Augenärzte, Jena,12.3. - 16.3.2019"
Wirtschaft,"DOC 32.Internationaler Kongress der Deutschen Ophthalmochirurgen Nürnberg, 17.06.-19.06.2021"
Wirtschaft,In Afrika nichts Neues? Das Verhältnis zum Westen aus afrikanischen Perspektiven
Wirtschaft,Angekommen in Berlin und nun? Flucht und Migration aus afrikanischen Perspektiven
Wirtschaft,Zukunft gestalten: afrikanische Perspektiven in entwicklungs- und bildungspolitischen Kontexten
Wirtschaft,„Unsere Zahl ist unsere Stärke“ – Junge Demokratiebewegungen in Afrika
Wirtschaft,Fluchtursachen neu betrachten – Afrikanische Perspektiven auf das „Flüchtlingsproblem“
Jugend,Demokratie leben Fest der Kulturen
Jugend,Demokratie leben Flucht nach vorn
Familie,Bundesprogramm Demokratie leben Fest der Kulturen
Familie,Kofi Bundesprogramm Demokratie leben Fest der Kulturen
Integration,Migration im Fokus (Integrationsfonds)
Wirtschaft,AfrikaVorbilder
Wirtschaft,KENAKO Afrika-Festival 2017: „Afrika 4.0“
Wirtschaft,KENAKO Afrika Festival 2018: „Konsum & Verantwortung“
Wirtschaft,Migration im Fokus – Veranstaltungsreihe und Ausstellung
Wirtschaft,KENAKO Afrika Festival 2019 „Afrika im globalen Kontext“
Wirtschaft,"KENAKO Afrika Festival 2020: ""Errungenschaften Afrikas"""
Wirtschaft,SDGs - und jetzt?: Wanderausstellung und Aktionsreihe zu SDGs auf Festivals
Wirtschaft,KENAKO Afrika Festival 2016: „Perspektiven vor Ort“
Sport,Teilhabeprogramm / Projekt zur Integration von Migrantinnen und Migranten in den Berlin Sport
Wirtschaft,African Perspektiv
Wirtschaft,Annäherung durch Dialog
Wirtschaft,Frieden und Entwicklung in Afrika im Spannungsfeld zwischen Religion und Politik
Wirtschaft,"Kamerun 2035 – Vereint, stabil, friedlich?"
Wirtschaft,Kamerun - Auf dem Weg zu einer dritten Republik?
Wirtschaft,Frieden und Entwicklung in der Sahel-Region
Wirtschaft,Burkinafrique - afrikanische Perspektiven auf Frieden und Entwicklung
Bildung,Interkulturelles Lernen/globales Lernen
Bildung,"""Berliner Afro-Kinder und -Jugendliche auf der Suche nach Identität und Berufschancen"""
Bildung,Die Berliner Kongokonferenz und die Aufteilung Afrikas
Kultur,Sondermittel der BVV
Kultur,Heimatgefühle (AT)
Kultur,Lumen - Amen
Integration,Medienwerkstatt - Strukturfestigung
"Bürgerschaftliches Engagement, Bürgerbeteiligung",Medienwerkstatt Verstetigung
Soziales,Integriertes Stadtteilverfahren für die Großsiedlung Waldsassener Straße
Stadtentwicklung,"Aktionsfonds 2017, Beteiligung und Vernetzung"
Wirtschaft,AG5 Skills
Bildung,"""GESCHLECHT, GEWALT, GENOZID: Frauen im Völkermord; Vortrags- und Diskussionsreihe in Berlin"""
Integration,Integration geflüchteter Menschen
Bildung,Unterstützung der Jugendverkehrsschulen
Arbeit,agens Jobcoaching 2016
Arbeit,Ambrosiajäger
Arbeit,Anleiter soziales Schreibbüro
Arbeit,Berliner JobCoaching - agens Jobcoaching
Arbeit,Berliner Jobcoaching für geflüchtete Menschen in Beschäftigungsmaßnahmen (BJC FiB)
Arbeit,Betreuungsassistenz für Ältere und Menschen mit Behinderung – Modul Ersthelferschulung
Arbeit,Erweiterung des Angebots der Jugendverkehrsschulen in Charlottenburg-Wilmersdorf
Arbeit,FAV - Beliebte Plätze in Reinickendorf-barrierefrei
Arbeit,FAV - Freizeit- und Veranstaltungsunterstützer Reinickendorf
Arbeit,FAV - Grüne Hauptwege - barrierefrei (Tempelhof-Schöneberg)
Arbeit,FAV - Grüne Hauptwege in Friedrichshain-Kreuzberg barrierefrei
Arbeit,FAV - Grüne Hauptwege in Spandau barrierefrei (2)
Arbeit,FAV - Interkulturelles Kompetenzzentrum
Arbeit,FAV - Lese-Lust (Reinickendorf)
Arbeit,FAV - Saubere Reinickendorfer Friedhöfe
Arbeit,FAV - Sauberes Reinickendorf Nord
Arbeit,FAV - Sauberes Reinickendorf Ost
Arbeit,FAV - Unterstützung der Jugendverkehrsschulen 2 (Charlottenburg-Wilmersdorf)
Arbeit,FAV - Unterstützung der Jugendverkehrsschulung (0615)
Arbeit,FAV - Wegweiser für Menschen mit Behinderung (TSch)
Arbeit,Gepflegte Friedhofsanlagen
Arbeit,Geprüfte Betreuungsfachkraft gemäß Richtlinien nach § 87b Abs. 3 SGB XI
Arbeit,Grüne Hauptwege in Mitte - barrierefrei
Arbeit,Interkulturelles Kompetenzzentrum Neukölln
Arbeit,Lese-Lust
Arbeit,Pflegebasiskurs mit beruflichem Praktikum und Prüfung zum/zur Pflegehelfer/in
Arbeit,saubere Friedhöfe in Reinickendorf
Arbeit,sauberes Reinickendorf
Arbeit,sauberes Tempelhof-Schöneberg
Arbeit,soziale Bücherbörse
Arbeit,soziales Schreibbüro
Arbeit,Soziales Schreibbüro - Einführung
Arbeit,Wach- und Sicherheitsgewerbe - Vorbereitung auf die Sachkundeprüfung § 34a
Arbeit,agens Jobcoaching ögB 2017
Arbeit,Berliner Jobcoaching für geflüchtete Menschen in Beschäftigungsmaßnahmen
Arbeit,"Datenerhebungen zum Thema Gesundheit, Kultur und Sport"
Arbeit,Digitalisierung von Fotonachlassen
Arbeit,EGZ Projektassistenz
Arbeit,Freizeit- und Veranstaltungsunterstützer Reinickendorf
Arbeit,Freizeitangebote und Seniorenbesuchsdienst
Arbeit,Geprüfte Betreuungsfachkraft gemäß Richtlinien nach § 53c (§ 87b a.F.) SGB XI
Arbeit,Grüne Hauptwege in Friedrichshain-Kreuzberg barrierefrei
Arbeit,Grüne Hauptwege in Spandau barrierefrei (2)
Arbeit,Helfer im gewerblich-technischen Bereich
Arbeit,Interkulturelles Kompetenzzentrum
Arbeit,Mobilität schafft Inklusion
Arbeit,Saubere Reinickendorfer Friedhöfe
Arbeit,Sauberes Reinickendorf Ost
Arbeit,Wegweiser für Menschen mit Behinderung (TSch)
Arbeit,Wegweiser für Menschen mit Behinderungen Friedrichshain-Kreuzberg-barrierefrei
Arbeit,Zielgruppen orientierte Lernangebote in den Jugendverkehrsschulen
Arbeit,agens BJC-ögB 2018
Arbeit,Antragshilfe in Tempelhof-Schöneberg
Arbeit,Barrierefreie Beherbergungsbetriebe
Arbeit,Beschäftigungstrainer agens 2018
Arbeit,Digitalisierung historischer IHK Akten
Arbeit,Gepflegte Friedhöfe in Mitte
Arbeit,Gepflegte Friedhofsanlagen in Reinickendorf
Arbeit,Gepflegte Grünflächen in Reinickendorf
Arbeit,Interkulturelle Sprachmittlung und Begleitdienst
Arbeit,Jobcoaching
Arbeit,Naturschutz und saubere Gewässer
Arbeit,Saubere Friedhöfe und Spielplätze
Arbeit,Saubere Grünanlagen
Arbeit,Unterstützung von zusätzlichen Lernangeboten in den Jugendverkehrsschulen
Arbeit,Vorlesedienst in Mitte
Arbeit,Vorleseservice für Senioren in Reinickendorf
Arbeit,agens BJC 2019
Arbeit,Beschäftigungstrainer agens 2019
Arbeit,Beschäftigungstrainer II agens 2019
Arbeit,Ausstellungs- und Veranstaltungshelfer
Arbeit,Begleitservice und Freizeitangebote für Senioren in Charlottenburg-Wilmersdorf
Arbeit,Begleitservice und Freizeitangebote für Senioren in Spandau
Arbeit,Datenerhebungen - Barrierefreiheit in Pankow
Arbeit,Erfassung und Aufbereitung historischer Dokumente - Landesarchiv Berlin
Arbeit,Erfassung und Aufbereitung historischer Dokumente - Landesarchiv Berlin 2
Arbeit,Erfassung und Aufbereitung historischer Dokumente - Landesarchiv Berlin 3
Arbeit,Erfassung und Aufbereitung historischer Dokumente - Landesarchiv Berlin 4
Arbeit,Erfassung und Aufbereitung historischer Dokumente - Zitadelle Spandau
Arbeit,Erfassung und Aufbereitung historischer Dokumente in Charlottenburg-Wilmersdorf
Arbeit,Gepflegte Grünanlagen im Freizeitpark
Arbeit,Gepflegte Grünanlagen in Mitte
Arbeit,Gepflegte Grünanlagen in Reinickendorf
Arbeit,"Gepflegte Grünanlagen, Friedhöfe und Spielplätze"
Arbeit,Jugendverkehrsschulen
Arbeit,Mobiles soziales Schreibbüro in Charlottenburg-Wilmersdorf
Arbeit,Naturschutz an Gewässern und im Straßenbegleitgrün
Arbeit,Soziales Schreibbüro in Mitte
Arbeit,Soziales Schreibbüro in Tempelhof-Schöneberg
Arbeit,Sozialwerkstatt und Mobiles Handwerk Spandau
Arbeit,Vorlesedienste in Mitte
Arbeit,Waldpflege - Naherholungsgebiete in Pankow
Arbeit,agens BJC 2020
Arbeit,Beschäftigungstrainer agens 2020
Arbeit,Soziales Schreibbüro
Arbeit,Datenerhebungen - Barrierefreiheit in Treptow-Köpenick
Arbeit,Vorlesedienste für Mobilitätseingeschränkte und Senioren
Integration,Unterstützung geflüchteter Kinder in den Jugendverkehrsschulen
Bildung,Zeitzeug*innen-Interviews Lernort Keibelstraße
Bildung,Ausbau der Lernmodule am Lernort Keibelstraße
Bildung,"""Anders Leben. Ein Werkstattgespräch zu nichtkonformen Lebensentwürfen und Kriminalisierung von Frauen in der DDR"""
Bildung,"""Sinti und Roma in Berlin-Präsenz, Diskriminierung und Verfolgung"""
Bildung,Lernort Keibelstraße
Bildung,Kolonialismus-Aufarbeitung und Erinnerung in Berlin
Bildung,Lernort Keibelstraße 2020
Bildung,"Werkstattgespräch ""Weibliche Devianzen in jugendlichen Subkulturen"""
Antidiskriminierung,Webbasiertes Quellen-Informations-Portal zur LSBTI-Geschichte
Bildung,Lernort „ehemaliges Polizeigefängnis Keibelstraße“ 2018
Bildung,"Die Aktualität von Antiziganismus. Stereotype, Problemlagen und Gegenmaßnahmen"
Bildung,Queer History Month 2017
Bildung,Queer History Month
Kultur,Inhaltliche Erweiterung der Ausstellung im Lernort Keibelstraße
Arbeit,Lohnkostenzuschuss für aggreda GmbH
Integration,SeiFit Förderung der polnischen Community in Berlin zur erfolgreichen Integration am Arbeitsmarkt und mehr politische Partizipation in der Gesellschaft
Integration,Partizipations- und Integrationsprogramm
Bildung,"""PolMotion-Bewegung der polnischen Frauen-Mikroprojekte und Workshops"""
Integration,Seit Fit! Förderung der polnischen Community in Berlin zur erfolgreichen Integration am Arbeitsmarkt und zu mehr poltische Partizipation in der Gesellschaft
Kultur,Fellowship-Programm Weltoffenes Berlin
Bildung,Democratic Meme Factory
Bildung,PolMotion - Bewegung der polnischen Frauen
Kultur,Bestandsoptimierungsprogramm - anteilige Miete
Kultur,"Durchführung eines Projekts zur beruflichen Beratung, Unterstützung und Vernetzung von Professionellen Kunst-, Medien und Kulturschaffenden"
Stadtentwicklung,NATÜRliche Nachbarn
Integration,Du und ich Aufbruch in eine neue Zeit
Umwelt,naturnahe Pflege und Umweltbildung Landschaftspark Herzberge
Integration,Effekt Treibhaus / Chancen für ALLE
Jugend,Interkulturelle Begegnungen - Zukunft Mensch
Jugend,Jugendarbeit in der JFE Treibhaus
Kultur,Entwicklung und Weiterführung kultureller Veranstaltungen auf dem KulturGut Marzahn
Kultur,Geschichte des Kunsthauses Flora
Kultur,Kulturelle Höhepunkte auf den KulturGut im Dorf Marzahn- 14 Kulturveranstaltungen
Kultur,Kunsthaus Flora - Kulturelle Angebote im Grünen
Kultur,Sicherung und Weiterführung kultureller Veranstaltung im Kunsthaus Flora in 2016
Stadtentwicklung,So gesund isst unser Kiez
Stadtentwicklung,"Stabilisierung des Gartens der Begegnung ""Miteinander im Grünen"""
Integration,Masterplan für Integration
Jugend,Bunte Tour Marzahn
Jugend,Perspektive Respekt
Jugend,SpaceParade - Marzahn
Kultur,"Aufrechterhaltung, Lesungen und literarische VA in der Peter-Weiss-Bibliothek"
Kultur,Fortführung Jugendkunstschule nach Berliner Modell
Kultur,Kinderleicht Gesund
Kultur,Kulturelle Angebote im Grünen in 2017
Kultur,Kulturelle Höhepunkte auf dem KulturGut im Dorf Marzahn 2017
Kultur,KulturGut - Weiterführung Kultureller Angebote in 2017
Kultur,Kunsthaus Flora - Sicherung und Weiterführung der kulturellen Angebote in 2017
Kultur,Tarifanpassung
Stadtentwicklung,"Natur, Umwelt und Kreativität"
Stadtentwicklung,"Sicher durch das Quartier - Barrierefrei, sauber und hell"
Stadtentwicklung,Treffpunkt Garten
Jugend,Begleitung und Regie - Jugendforum Marzahn
Jugend,Bunte Tour Marzahn 2018 - Jetzt wird`s Kunterbunt
Jugend,Integration und Partnerschaft im Garten der Begegnung
Jugend,Jugendforum Marzahn
Jugend,Zukunft Achtsamkeit
Kultur,A Passion for JAZZ im KulturGut
Kultur,Aufrechterhaltung Dienstbetrieb Kunsthaus Flora 2018
Kultur,Aufrechterhaltung und Profilierung der kulturellen Angebote in der Peter-Weiss-Bibliothek
Kultur,Bienengarten
Kultur,Lesender Bezirk
Kultur,"Marzahn 2018 kulturelle und künstlerische Vielfalt auf, im und mit dem KulturGut"
Kultur,Zaungestaltung
Stadtentwicklung,"So gesund isst unser Kiez, Schlusszahlung zum VWN"
Stadtentwicklung,"Stabilisierung des Gartens der Begegnung ""Miteinander im Grünen"", Schlusszahlung zum VWN"
Kultur,Fortführung Dienstbetrieb Kunsthaus Flora 2019
Kultur,"Kultur und Kunst im Bezirk, KulturGut 2019"
Kultur,Marzahner Kultur- und Kulturerlebnistage 2019
Kultur,Marzahner singen auf dem Dorfanger Advents- und Weihnachtslieder
Kultur,Realisierung von Angeboten der Jugendkunstschule an den Standorten KulturGut und Kunsthaus Flora
Kultur,Stabilisierung kultureller Angebote im Bezirk durch die ehrenamtlich betriebene Peter-Weiss-Bibliothek
Kultur,30 Jahre kulturelle Angebote in der Peter-Weiss-Bibliothek 2020
Kultur,Ankauf von Medien für die Peter-Weiss-Bibliothek
Kultur,Fortführung Dienstbetrieb Kunsthaus Flora 2020
Kultur,"KulturGut Alt-Marzahn Ort kultureller, künstlerischer und kreativer Vielfalt"
Kultur,Marzahner Kultur- und Kulturerlebnistage 2020
Kultur,Schutz von Ehrenamtlichen und Besuchern bei der Arbeit im und um das KulturGut Alt Marzahn
Kultur,Wildwuchs - Umweltbildung im Bauerngarten
Stadtentwicklung,sicher sauber grün
Kultur,Kunstprojekt Dezentrale Kulturarbeit
Stadtentwicklung,Buntes Quartier: Neugestaltung Sonnencenter - Vorbereitung
Integration,Nachbarschaftliches Erzähl-Café im Leuchtturm
Stadtentwicklung,Buntes Quartier: Neugestaltung Sonnencenter - Umsetzung
Umwelt,Einrichtung einer bezirklichenKoordinierungsstelle für Natur- und Umweltbildung in Pankow
Stadtentwicklung,Rollberge-Aktiv im Kiez
Stadtentwicklung,miteinander lesen
Jugend,Rollberge Aktiv im Kiez (BVV-Sondermittel)
Stadtentwicklung,Gemeinsam im Park
Arbeit,Berliner JobCoaching - JobCoach Team 2 2015
Arbeit,Berliner JobCoaching - Jobcoach Team 3
Arbeit,Berliner JobCoaching - Jobcoach Team 4
Arbeit,Berliner JobCoaching - Jobcoach Team 5
Arbeit,Berliner JobCoaching - Jobcoaching 1 2016
Arbeit,Betreuung und Begleitung im Freizeitsport Reinickendorf 2016
Arbeit,"FAV - Aufarbeitung agrar-hist. Maschinen und Geräte, Spandau, 2015-2017"
Arbeit,FAV - Bürger- und Kieztreff Rollberge
Arbeit,FAV - Bürger- und Kieztreff Rollberge Team 2
Arbeit,FAV - Erhalt Wegesysteme und Landschaftsschutz Hahneberg
Arbeit,FAV - Holz- und Kreativwerkstatt
Arbeit,FAV - Kiezkontakte
Arbeit,FAV - Kiezläufer Letteplatz 2015
Arbeit,FAV - Kiezläufer Quartiersgebiet Letteplatz
Arbeit,FAV - Kultur gemeinsam erleben
Arbeit,FAV - Landschaftsentwicklung Gutspark Neu Kladow
Arbeit,FAV - Märchenstube Tempelhof 2015
Arbeit,FAV - Natur- und Kunstführer Spandau 2015-2017
Arbeit,FAV - Natur- und Umweltführer sowie Kunst im Freiraum Spandau
Arbeit,FAV - Natur- und Umweltschutz in Reinickendorf 2015
Arbeit,FAV - Natur- und Umweltschutz Reinickendorf
Arbeit,FAV - Natur- und Umweltschutz Reinickendorf 2015 Team 2
Arbeit,FAV - Soziale Bücherstube als Begegnungs- und Kommunikationsort
Arbeit,FAV - Soziale Selbsthilfewerkstatt und Nähstube 2015
Arbeit,FAV - Soziale Selbsthilfewerkstatt und Nähstube 2015 Team 2
Arbeit,FAV - Sportbetreuer 2015
Arbeit,"FAV - Sportbetreuer im Freizeitsport, Team 2"
Arbeit,FAV - Umweltbüro Friedrichshain-Kreuzberg
Arbeit,FAV - Umweltbüro und Umweltführer
Arbeit,Gesunde Ernährung
Arbeit,Holz- und Kreativwerkstatt
Arbeit,Interkulturelle Begegnungsstätte am Volkspark Friedrichshain
Arbeit,Jobcoaching 2 2016
Arbeit,Jobcoaching 3 2016
Arbeit,Jobcoaching 4 2016
Arbeit,MA Projektmanagement
Arbeit,Märchenkulissen und Requisiten
Arbeit,Märchenstube Neukölln
Arbeit,Nähstube und Selbsthilfewerkstatt
Arbeit,Reinickendorfer Beschäftigungswerkstatt 2016
Arbeit,Schüler am Weinberg
Arbeit,Team Natur- und Umweltschutz im Bezirk Reinickendorf
Arbeit,Team Rollberge
Arbeit,Tierhof Marzahn und IGA 2017
Arbeit,Unterstützung Veranstaltungsmanagement KulturGut
Arbeit,"Aufarbeitung agrar-hist. Maschinen und Geräte, Spandau, 2015-2017"
Arbeit,Ausstellungsservice Bezirksmuseum
Arbeit,Ausstellungsservice Galerie M
Arbeit,Baumbibliothek Landschaftspark Herzberge
Arbeit,Berliner Jobcoaching ögB Team 1 2015
Arbeit,Beschäftigungsinitiative und Selbsthilfewerkstatt Reinickendorf
Arbeit,"Botanische Küche, gesunde Ernährung für Kinder und Jugendliche"
Arbeit,Bürger- und Kieztreff Rollberge
Arbeit,Bürger- und Kieztreff Rollberge Team 2
Arbeit,Historische Handwerksschau
Arbeit,Historische Maschinen und Geräte
Arbeit,Jobcoaching 1 2017
Arbeit,Jobcoaching 2 2017
Arbeit,Jobcoaching 3 2017
Arbeit,Jobcoaching 4 2017
Arbeit,Kiezläufer Letteplatz 2015
Arbeit,Kulturelle Vielfalt gemeinsam Erleben
Arbeit,LSK Britzer WeinKultur - Neugestaltung Veranstaltungskomplex
Arbeit,LSK Lehrpfad am Umweltbüro Pankow
Arbeit,LSK Vom Bienenstaat zur Imkerei - Bienen-Aktivlehrpfad
Arbeit,Natur- und Kunst im Freiraum Spandau
Arbeit,Natur- und Kunstführer Spandau 2015-2017
Arbeit,Natur- und Landschaftsschutz auf kommunalen Grünflächen
Arbeit,Natur- und Umweltschutz in Reinickendorf 2015
Arbeit,Natur- und Umweltschutz Reinickendorf 2015 Team 2
Arbeit,PEB Lichtenberger Xylothek
Arbeit,Reparieren statt wegschmeißen
Arbeit,Schau- und Erlebniswelt Natur
Arbeit,Soziale Selbsthilfewerkstatt und Nähstube 2015
Arbeit,Soziale Selbsthilfewerkstatt und Nähstube 2015 Team 2
Arbeit,Sportbetreuer 2015
Arbeit,"Strandbad Rahnsdorf - Vergangenheit, Gegenwart und Zukunft"
Arbeit,Beschäftigungstrainer
Arbeit,Grünes Klassenzimmer
Arbeit,Jobcoaching 1 2018
Arbeit,Jobcoaching 2 2018
Arbeit,Jobcoaching 3 2018
Arbeit,Jobcoaching 4 2018
Arbeit,Keramik für alle
Arbeit,Keramikwerkstatt zur Unterstützung sozialer und kultureller Einrichtungen in Marzahn-Hellersdorf
Arbeit,LSK - Rinderweide Zingster Straße
Arbeit,LSK - Unterstützung der sozialen Integration durch bedarfsgerechte Angebote im Rollbergkiez
Arbeit,Team Junger Jazz
Arbeit,Umweltbildung im Umweltbüro Pankow
Arbeit,Umweltbüro Friedrichshain-Kreuzberg
Arbeit,Umweltführer Mitte
Arbeit,Jobcoaching 1 2019-2020
Arbeit,Jobcoaching 2 2019
Arbeit,Jobcoaching 3 2019
Arbeit,Jobcoaching 4 2019
Arbeit,Bauernhof in der Stadt
Arbeit,Betreuung Strandbad Müggelsee
Arbeit,Gartenteam Alt-Marzahn
Arbeit,Gartenteam Britzer Weinkultur
Arbeit,Gesunde Ernährung in Reinickendorf
Arbeit,Gesunde Küche kinderleicht
Arbeit,Kreativwerkstatt Marzahn
Arbeit,Kunst und Kultur in Reinickendorf
Arbeit,Kuturunterstützung Alt-Marzahn
Arbeit,Logistikteam Tierhof Alt-Marzahn
Arbeit,Reinickendorf Kreativ
Arbeit,Reinickendorf Kreativ - Stärkung der Kultur- und Kreativwirtschaft
Arbeit,Selbsthilfewerkstatt in Reinickendorf
Arbeit,Serviceteam Xylothek
Arbeit,Sportbetreuer im Freizeitsport
Arbeit,Stadtoasen - Angerdorf Marzahn
Arbeit,Technikteam Alt-Marzahn
Arbeit,Umweltbildung in Pankow
Arbeit,Unterstützung bürgernaher Kulturangebote
Arbeit,Beschäftigungstrainer 20/21
Arbeit,JobCoaching 2 - 2020
Arbeit,JobCoaching 3 - 2020
Arbeit,Jobcoaching 4 2020
Arbeit,City-Lotse*in
Arbeit,Lotsendienste THP
Umwelt,"Bildungsgarten, grünes Klassenzimmer"
Umwelt,"Blick in die Tiefe, Mikroskopieren in der Natur"
Umwelt,Schaubereich Natur im Raum
Umwelt,Einrichtung der Koordinierungsstelle Umweltbildung im Bezirk Pankow
Wirtschaft,DLG Feldtage auf Gut Brockhof bei Erwitte/ Lippstadt (NRW) vom 08.-10.06.2021
Wirtschaft,Teilnahme an Hannover Messe Industrie vom 13.-17.07.2020
"Kirchen, Religions-, Weltanschauungsgemeinschaften",Mitfinanzierung der denkmalgerechten Sanierung der Fassade und des Innenraumes des Imamhauses sowie des Innenraumes der Wilmersdorfer Moschee als 1. Rate
Denkmalschutz,"Sanierung Dachflächen, Fassaden und Ziermauern, Brienner Str. 7-8"
Denkmalschutz,"Immanhaus, Brienner Str. 7-8, denkmalgerechte Fenster- und Fassadensanierung"
Denkmalschutz,"Wilmersdorfer Moschee- Denkmalgerechte Instandsetzung der Innenräume (Moschee und Imamhaus), Brienner Straße 7/8, 10713 Berlin"
"Kirchen, Religions-, Weltanschauungsgemeinschaften","Teilsicherung der sozialen, integrativen und religionsübergreifenden Projektarbeit von religiös und weltanschaulich tätigen Gemeinschaften"
Denkmalschutz,Denkmalgerechte Dachsanierung: Brienner Straße 7-8
Bildung,Beschaffung von Lernmitteln für Schülerinnen und Schüler der Fachschule für Heilerziehungspflege
Sport,Allgemeine Verbandszuwendungen
Sport,Zuwendung für Sportliche Aufgaben
Sport,Zuwendungen für Sportliche Aufgaben
Wirtschaft,Entwicklung eines neuen Verfahrens zur Identifikation von Fehlberechtigungen in Microsoft Berechtigungssystemen
Wirtschaft,Internationalisierung des Predictive Parking Service von AIPARK
Wirtschaft,Projekt zur automatisierte Erzeugung von Straßenparkflächen basierend auf Straßenkarten
Wirtschaft,"Entwicklung Bewertungsmethoden zur Analyse von Luftfahrthindernissen im Flugplatznahbereich auf Grundlage neuer Flächenbewertungssysteme der ICAO, Anpassung/Erweiterung der Lehrgangsinhalte ""Hindernisuntersuchungen"""
Wirtschaft,Entwicklung innovativer Ansätze zur Berücksichtigung moderner Triebwerkstechnologien bei der Planung und Bewertung von Triebwerktestlaufeinrichtungen an Flugplätzen sowie bei der Berechnung von Lärm- und Schadstoffemissionen im Flugplatznahbereich
Wirtschaft,Entwicklung technischer Lösungsansätze zum Einsatz von Flugsimulationstechnologien bei der Durchführung von Sicherheitsbewertungen im Luftfahrtbereich
Wirtschaft,roof-inspector Software
Wirtschaft,roof-Inspector Technologie1
Wirtschaft,Coaching3
Gesundheit,"Kontakt- und Beratungsstelle ""Transit"" für psychisch Kranke"
Gesundheit,Zuverdienstprojekt Kreuzberg
Gesundheit,"Kontakt- und Beratungsstelle ""Transit"" für psychisch Kranke - Jugendberufsagentur"
Gesundheit,"Kontakt- und Beratungsstelle ""Transit"" für psychisch Kranke - mobile KBS (Flüchtlingsarbeit)"
Gesundheit,Zuverdienstzentrale - Kunstausstellung der Zuverdienste und Kreativgruppen psychosozialer Träger in Friedrichshain-Kreuzberg und Modellprojekt temporäre Zuverdienstplätze im Zuverdienst der ajb mit Einsatzort in den Prinzessinnengärten
Kultur,Malereiprojekt
Soziales,"Eigeninitiative
Selbsthilfekontaktstelle Treptow-Köpenick"
Soziales,Kontaktstelle PflegeEngagement Treptow-Köpenick
Pflege,Kontaktstelle PflegeEngagement Treptow-Köpenick
Soziales,Eigeninitiative – Selbsthilfezentrum Treptow-Köpenick
Umwelt,Umweltbildungskonzept zukünftiger Naturerfahrungsraum Volkspark Jungfernheide
Arbeit,ajb Jobcoach
Arbeit,Erlebniswelt Tier und Natur im Jungfernheidepark (FAV)
Arbeit,PEB - Neues wagen - im Integrationsgarten Jungfernheide
Arbeit,STARK durch Soziale Teilhabe!
Soziales,Deli Social
Gesundheit,Zuverdienst - Arbeit mit Geflüchteten im Zuverdienst für psychisch und suchtkranke Menschen
Gesundheit,Beratung in der Jugendberufsagentur
Gesundheit,Zuverdienstprojekt Kreuzberg - Arbeit mit Geflüchteten im Zuverdienst für psychisch und suchtkranke Menschen
Jugend,Zeitzeugen - Leben in der DDR
Gesundheit,Schaffung und Bereitstellung von Zuverdienstmöglichkeiten für psychisch und suchtkranke junge Erwachsene in Neukölln
Gesundheit,Aufbau einer Kontakt- und Beratungsstelle für Menschen mit psychischer Erkrankung im Bezirk Neukölln
Gesundheit,Kontakt- und Beratungsstelle für Menschen mit psyischer Erkrankung im Bezirk Neukölln
Gesundheit,Zuverdienst für Geflüchtete im Bezirk Neukölln Neukölln
Stadtentwicklung,"FEIN - Einzelmaßnahme ""Zaunfotoprojekt_ajb GmbH"""
Gesundheit,Gruppenraumausstattung der KBS Treptow
Gesundheit,Personal- u. Sachkosten KBS
Gesundheit,Personal- u. Sachkosten KBS-Flüchtlingsarbeit
Gesundheit,Personal- u. Sachkosten Zuverdienstwerkstatt
Gesundheit,Personal-u. Sachkosten KBS
Gesundheit,Personal-u. Sachkosten KBS-Flüchtlingsarbeit
Gesundheit,Personal-u. Sachkosten Zuverdienstwerkstatt
Gesundheit,Personal- und Sachkosten KBS
Gesundheit,Personal- und Sachkosten KBS Flüchtlingsarbeit
Gesundheit,Personal- und Sachkosten Zuverdienstwerkstatt
Gesundheit,Personal- und Sachkosten Zuverdienstwerkstatt Flüchtlingsarbeit
Gesundheit,Verbesserung des KBS Angebots
Gesundheit,Personal- u. Sachkosten KBS Flüchtlingsarbeit
Gesundheit,Personal- u. Sachkosten Zuverdienst Flüchtlingsarbeit
Arbeit,Berliner JobCoaching - ajb Jobcoach
Arbeit,FAV - Erlebniswelt Tier und Natur im Jungfernheidepark (FAV)
Soziales,Deli Plus - Förderschwerpunkt 2
Soziales,Selbsthilfekontaktstelle Treptow-Köpenick
Soziales,Eigeninitiative - Selbsthilfekontaktstelle Treptow-Köpenick
Arbeit,Erlebniswelt Tier und Natur im Jungfernheidepark
Arbeit,Kunst hinter der Fassade
Arbeit,LKZ Handwerk
Arbeit,Möbelservice für Bedürftige
Soziales,BERTA
Soziales,DELI ACTIVE
Soziales,"Selbsthilfezentrum Köpenick & Treptow
'Eigeninitiative'"
Stadtentwicklung,Elterncafè und Bildungszentrum
"Bürgerschaftliches Engagement, Bürgerbeteiligung","FEIN - Einzelmaßnahme
Entwicklung einer Foto-Ausstellung im Nachbarschaftsgarten mit Portraits von Menschen aus Neukölln und Umgebung"
Kultur,Elemental Gestures-Terry Fox. Archiv und Reenactment
Kultur,Digitalisierung und Onlinestellung der Ausstellungskataloge der Preußischen Akademie der Künste Berlin
Kultur,KONTAKTE '19
Denkmalschutz,Sanierung des Vorplatzes
Stadtentwicklung,"Vorbereitung und Durchführung der internationalen Fachtagung ""Moderne neu denken - Architektur und Städtebau des 20. Jahrhunderts zwischen Avantgarde und Tradition"""
Kultur,"Mitfinanzierung der Architektur-Ausstellung ""Otto Bartning (1883 - 1959) - Leben und Werk"" vom 30.03. bis 18.06.2017 sowie eines Begleitsymposiums anlässlich des 60. Jubiläums der Berliner Interbau von 1957"
Arbeit,AjE 2016
Arbeit,BAPP 2014 - gewerblich
Arbeit,BVBO 2.0 - 2016/2017 - Hecker 8-1
Arbeit,BVBO 2.0 - 2016/2017 - Sartre 11-1
Arbeit,BVBO 2.0 - 2016/2017 - Sartre 8
Arbeit,BVBO 2.0 - 2016/2017 - Sartre 8-1
Arbeit,BVBO 2.0 - 2016/2017 - Sartre 9
Arbeit,BVBO 2.0 - 2016/2017 - Sartre 9-1
Arbeit,BVBO 2.0 - 2016/2017 - Wachsmann 8
Arbeit,BVBO 2.0 - 2016/2017 - Wachsmann 8-1
Arbeit,BVBO 2.0 - 2017/2018 - Hecker 8
Arbeit,BVBO 2.0 - 2017/2018 - Hecker 9
Arbeit,BVBO 2.0 - 2017/2018 - Kerschensteiner 10
Arbeit,BVBO 2.0 - 2017/2018 - Kerschensteiner 8
Arbeit,BVBO 2.0 - 2017/2018 - Kerschensteiner 9
Arbeit,BVBO 2.0 - 2017/2018 - Mozart 10
Arbeit,BVBO 2.0 - 2017/2018 - Mozart 8
Arbeit,BVBO 2.0 - 2017/2018 - Mozart 9
Arbeit,BVBO 2.0 - 2017/2018 - Piaget 10
Arbeit,BVBO 2.0 - 2017/2018 - Virchow 10
Arbeit,BVBO 2.0 - 2017/2018 - Virchow 8
Arbeit,BVBO 2.0 - 2017/2018 - Virchow 9
Arbeit,BVBO 2.0 - 2017/2018 - Virchow 9-1
Arbeit,BVBO 2.0 - 2017/2018 - Wachsmann 10
Arbeit,BVBO 2.0 - 2017/2018 - Friedrich 8
Arbeit,BVBO 2.0 - 2017/2018 - Hecker 10
Arbeit,BVBO 2.0 - 2017/2018 - Sartre 8
Arbeit,BVBO 2.0 - 2017/2018 - Sartre 8/1
Arbeit,BVBO 2.0 - 2017/2018 - Sartre 9
Arbeit,BVBO 2.0 - 2017/2018 - Sartre 9/1
Arbeit,BVBO 2.0 - 2017/2018 - Wachsmann 8
Arbeit,BVBO 2.0 - 2017/2018 - Wachsmann 9
Arbeit,BVBO 2.0 - 2018/2019 - Hecker 8 (ABU)
Arbeit,BVBO 2.0 - 2018/2019 - Mozart 10 (BIB)
Arbeit,BVBO 2.0 - 2018/2019 - Mozart 8 (BIB)
Arbeit,BVBO 2.0 - 2018/2019 - Mozart 9 (BIB)
Arbeit,"BVBO 2.0 - 2018/2019 - Sartre 9, SchulePLUS"
Arbeit,BVBO 2.0 - 2018/2019 - Virchow 10 (QEU)
Arbeit,BVBO 2.0 - 2018/2019 - Virchow 8 (QEU)
Arbeit,BVBO 2.0 - 2018/2019 - Virchow 9 (QEU)
Arbeit,BVBO 2.0 - 2018/2019 - Wachsmann 10 (ABU)
Arbeit,BVBO 2.0 - 2018/2019 - Wachsmann 8 (ABU)
Arbeit,BVBO 2.0 - 2018/2019 - Wachsmann 9 (ABU)
Arbeit,"Café ""It Works OuT"" - Integrations-Workshops für Orientierung und Training"
Arbeit,Anschluss+ (ABU gGmbH)
Arbeit,Berufswegecoaching - Anschluss+
Arbeit,BVBO 2.0 - 2018/2019 - Friedrich 8 (ABU)
Arbeit,BVBO 2.0 - 2018/2019 - Kerschensteiner 9 (ABU)
Arbeit,BVBO 2.0 - 2018/2019 - Sartre 8 (S2B)
Arbeit,BVBO 2.0 - 2019/2020 - Kerschensteiner 10 - M 3+4 (Studio 2B)
Arbeit,BVBO 2.0 - 2019/2020 - Kerschensteiner 9 - M 3+4 (Studio 2B)
Arbeit,BVBO 2.0 - 2019/2020 - Mozart 10 - M 4 (Brückner)
Arbeit,BVBO 2.0 - 2019/2020 - Mozart 8 - M 1+2 (Brückner)
Arbeit,BVBO 2.0 - 2019/2020 - Mozart 9 - M3 (Brückner)
Arbeit,BVBO 2.0 - 2019/2020 - Piaget 8 - M 1+2 (ABU)
Arbeit,BVBO 2.0 - 2019/2020 - Sartre 11 - M 5 (Studio 2B)
Arbeit,BVBO 2.0 - 2019/2020 - Virchow 10 - M 4 (ABU)
Arbeit,BVBO 2.0 - 2019/2020 - Virchow 8 - M 1 (ABU)
Arbeit,BVBO 2.0 - 2019/2020 - Virchow 9 - M 3 - (ABU)
Arbeit,BVBO 2.0 - 2019/2020 - Wachsmann 10 - M 4 (ABU)
Arbeit,BVBO 2.0 - 2019/2020 - Wachsmann 8 - M 1+2 (ABU)
Arbeit,BVBO 2.0 - 2019/2020 - Wachsmann 9 - M 3 (ABU)
Arbeit,BVBO 2.0 -2018/2019 - Kerschensteiner 8 (ABU)
Arbeit,BVBO 2.0 -2018/2019 - Nagel 8 (ABU)
Arbeit,BVBO 2.0 -2018/2019 - Sartre 8/1 (ABU)
Arbeit,BVBO 2.0 -2018/2019 - Sartre 9/1 (ABU)
Arbeit,BVBO 2.0.- 2019/2020 - Sartre 9 - M 3 (Studio 2B)
Arbeit,BAPP 2020 - Koch/Köchin (Corona-Aufstockung)
Arbeit,FAV - Initiative Kulturarbeit - Akademie für historische Aufführungspraxis e. V.
Arbeit,Initiative Kulturarbeit - Akademie für historische Aufführungspraxis e. V.
Bildung,Beschaffung von Lernmitteln für Schülerinnen und Schüler der AfIB
Pflege,Ausbildung Pflegefachfrau / Pflegefachmann
Sport,Neubau von Sanitärräumen für Damen
Sport,Austausch von Anbindepfählen und Holzteilen der Steganlagen
Sport,Austausch der Dacheindeckung
Bildung,Politischer Salon
Frauen,Mehraufwand - Akelei e.V.
Frauen,Zukunftsplanung für Frauen im Existenzgründungsbereich
Gleichstellung,"Projektverwaltung und -abwicklung, Öffentlichkeitsarbeit"
Gleichstellung,Frauen Existenzgründungskurse - Existenzgründungskurse für Gründerinnen und selbständige Frauen
Gleichstellung,Frauen OuQ - IT-Know-how für den Wiedereinstieg
Gleichstellung,Existenzgründungskurse für Gründerinnen und selbständige Frauen
Gleichstellung,Goldrausch Künstlerinnenprojekt
Arbeit,Lohnkostenzuschuss für Akineum GmbH
Wissenschaft,Programm Virtual Campus (Coronabedingte Technikausstattung)
Arbeit,Lohnkostenzuschuss für Akkordio e. K.
Wirtschaft,Design und Aufbau eines Data-Vaults
Wirtschaft,Entwicklung und Markteinführung Viral Score
Wirtschaft,Forschungsarbeiten zum Viral Score
Wirtschaft,Einführung von Qualitätssicherung im Data-Engineering
Wirtschaft,Empfehlungsstrategien
Wirtschaft,Empfehlungsstrategien_16
Gesundheit,Vorbereitung zur Erarbeitung eines Integrationsleitbildes
Antidiskriminierung,"Landeskoordination ""Schule ohne Rassismus - Schule mit Courage"" in Berlin"
Antidiskriminierung,"Landeskoordination ""Schule ohne Rassismus - Schule mit Courage"""
Antidiskriminierung,"Landeskoordination ""Schule ohne Rassismus - Schule mit Courage"" Berlin"
Kultur,Berlin Human Rights Film Festival
Kultur,HRFFB - Forum
Soziales,Freizeitclub Treitschkestr.
Soziales,Lotse Berlin (Region Süd-West)
Soziales,"Lotse Berlin
Beratung - Orientierung - Vermittlung
Unterstütztes Wohnen für volljährige Menschen mit Behinderung"
Soziales,Freizeitclub
Soziales,Lotse Berlin - Beratung - Orientierung - Vermittlung - Unterstütztes Wohnen für volljährige Menschen mit Behinderung
Wirtschaft,bundesweite Rundreise mit indischem Agrar-Aktivisten Dr. Ramanjaneyulu
Gesundheit,Präventionsarbeit
Bildung,"""Begleitprogramm und didaktische Handreichung zur Ausstellung 'Extreme rechte und Gegenwehr in Berlin nach 1945' """
Kultur,Verwendung für satzungsgemäße Aufgaben
Kultur,Verwendung für satzungsgemäße Aufgaben sowie für die Aufgaben der Koordinierungsstelle Stolpersteine
Kultur,Ins Niemandsland. Die Ausweisung polnischer Jüdinnen und Juden aus Berlin im Oktober 1938
Kultur,"""Ins Niemandsland. Die Ausweisung polnischer Jüdinnen und Juden aus Berlin im Oktober 1938"""
Kultur,5 Gedenktafeln
Kultur,Ersatztafel für Fritz Kreisler
Kultur,Gedenktafel für Heinz Brandt
Kultur,Konzeptentwicklung für eine Kompetenzstelle historische Stadtmarkierungen
Kultur,Gedenktafel für F. Elsass u. L. Mehlhorn
Kultur,"Gedenktafeln für Lotte Eisner, Erna Lugebiel, Erich Kästner"
Kultur,vorbereitende Maßnahmen zur Einrichtung einer Koordinierungsstelle Historische Stadtmarkierungen
Soziales,Fluchtwohnung in Spandau
Wirtschaft,Durchführung und Betreuung von Pilotprojekten und -anlagen
Wirtschaft,Entwicklung eines Hybridwasseraufbereitungsverfahrens aus Flotation und Filtration für Lagerstättenwasser und Raffinerieabwasser_32
Wirtschaft,Entwicklung eines Hybridwasseraufbereitungsverfahrens aus Flotation und Filtration für Lagerstättenwasser und Raffinerieabwasser_35
Wirtschaft,Produktdesign für akvoFloat
Wirtschaft,IFAT 2020 in München 07.09.-11.09.2020
Jugend,Stadtteilorientierte Arbeit mit Kindern und Jugendlichen
Jugend,Hallenzelte Goldbeckweg (Masterplan Integration und Sicherheit)
Jugend,Solaranlage Goldbeckweg (Masterplan Integration und Sicherheit)
Jugend,Wochenend-Öffnung JFE Haveleck / Goldbeckweg
Jugend,Arbeit mit geflüchteten Menschen
Jugend,Arbeit mit jugendlichen Geflüchteten und Familien
"Sicherheit, Ordnung",streetwork@online.de
Wirtschaft,"Aufbau einer erweiterten analytischen Plattform zum Vergleich der Leistungen der akademischen Labore, entwickelt speziell für die Studenten der Naturwissenschaften"
Wirtschaft,Betriebsverlagerung
Sport,Projekt zur Integration von Geflüchteten in den Berliner Basketballsport
Sport,Koordination und nachhaltige Etablierung des sportbetonten Bildungsverbundes Wedding
Sport,Sportbetonter Kooperationsverbund ALBA > Wedding-Moabit
Sport,Aufbau und Kooperation zwischen Bildungseinrichtungen und Sport
Sport,Aufbau von Kooperationen zwischen Bildungseinrichtungen und Sport
Bildung,ALBA Gropiusstadt - Koordination Kooperationsverbund
Stadtentwicklung,ALBA macht Schule im Kiez III
Bildung,ALBAs tägliche Sportstunde
Sport,"Teilhabeprogramm ""ALBA macht Schulschiedsrichter"""
Sport,Masterplan / Integration von Geflüchteten in den Berliner Basketballsport
Sport,Teilhabeprogramm / Personal- und Sachkosten für das Projekt „ALBA macht Schulschiedsrichter“ - die Kiezhelden
Sport,anteilige Finanzierung des Übungs-Lehr- und Wettkampfbetriebes der Jugendabteilung im Basketball
Sport,Gesamtkonzept Geflüchtete
Umwelt,Studie über netzdienliche Integration hybrider Entsorgungsfahrzeuge
Jugend,Unterstützung Aktionsprogramm Gesundheit (APK)/Aufbau Konsultationskita Wortschmiede
Arbeit,Barrierefrei Leben in Berlin
Arbeit,Informations- und Auskunftsservice Hilfelotse und Mobidat
Arbeit,Besuchs-/Betreuungsdienst
Arbeit,Gestärkt durch vernetztes Engagement
Arbeit,Elternlotsen für Eltern-Kind-Projekte
Arbeit,FAV - Informations- und Auskunftsservice Hilfelotse und Mobidat
Kultur,Kunsthaus Hohenschönhausen
Gesundheit,Zuwendung zum Erwerb einer mobilen Soccer-Arena
Familie,Bolzplatz Zobeltitzstraße
Jugend,Bolzplatzbetreuung Klix-Arena
Integration,Integrationslotsen Reinickendorf
Arbeit,Lernwerkstatt
Integration,Umsetzung des Landesrahmenprogramms Integrationslots*innen Berlin in den Jahren 2020/2021
Gleichstellung,Frauen in Buch
Gleichstellung,Interkultureller Frauentreff
Gleichstellung,Koordinierungsstelle Gesundheitsförderung
Gleichstellung,Koordinierungsstelle Gesundheitsförderung für Mädchen und Frauen
Stadtentwicklung,Infrastrukturstärkung des Tempohomes
Stadtentwicklung,Verbesserung des Wohnklimas im Tempohome
Gesundheit,"Psychosoziale Kontakt- und Beratungsstelle ""Der Blaue Laden"""
Gesundheit,Zuverdienstwerkstatt Lichtenberg
Frauen,Frauenberatung BerTa in Buch
Gesundheit,Bewegungsförderung in Buch und Karow
Gesundheit,Kontakt- und Beratungsstelle Pankow
Gesundheit,Psychosoziale Versorgung geflüchteter Menschen in Pankow im Rahmen der Kontakt- und Beratungsstelle
Gesundheit,Zuverdienst Pankow
Jugend,Abenteuerspielplatz Inge
Soziales,"Anlaufstelle für eine Willkommenskultur im ""Stadtteilzentrum im Turm"" in der Busonistraße 136 in Berlin-Karow"
Soziales,Stadtteilzentrum Im Turm - Selbsthilfe- und Beratungsstätte im Stadtteilzentrum Bucher Bürgerhaus
Soziales,Anlaufstelle für Geflüchtete in Berlin-Buch
Soziales,Bucher Bürgerhaus - Selbsthilfe und Stadtteilzentrum in Verbindung mit dem Seniorentreff
Soziales,Stadtteilzentrum Im Turm - Selbsthilfe- und Beratungsstätte Busonistraße 136
Gesundheit,Ausbildung zum /zur Kiezübungsleiter*in im Bezirk Pankow OT Buch
Gesundheit,Gesundheitliche Versorgung geflüchteter Menschen im Land Berlin im Rahmen des Zuverdienst Pankow
Jugend,Verstetigung der Sofortmaßnahmen für junge Geflüchtete
Soziales,Bucher Bürgerhaus - Selbsthilfe un Stadtteilzentrum i.V.m. Seniorentreff
Gesundheit,Gesundheitliche Versorgung geflüchteter Menschen im Land Berlin im Rahmen des Zuverdienst
Jugend,offene und sportorientierte Jugendarbeit für junge Geflüchtete auch im Umfeld von Unterkünften
Soziales,"Bucher Bürgerhaus - Selbsthilfe und Stadtteilzentrum i.V. m. Seniorentreff Franz-Schmidt-Straße 10, 13125 Berlin"
Soziales,"Stadtteilzentrum Im Turm, Busonistraße 136, 13125 Berlin"
Stadtentwicklung,Integratives Nachbarschafts- und Vernetzungsangebot Buch
Gesundheit,"laufende Personal- und Sachkosten für die Kontakt- und Beratungsstelle sowie der KBS Bereiche in den Tageszentren Sterkrader Straße 45a, 13507 Berlin und Waidmannsluster Damm 174, 13469 Berlin"
Gesundheit,"laufende Personal- und Sachkosten für die Textilwerkstatt (Zuverdienstgemeinschaft) , Brunowstraße 15, 13507 Berlin"
Gesundheit,Stärkung der psychistrischen Versorgung geflüchteter Menschen im Bereich der Kontakt- und Beratungsstelle
Gesundheit,Zuschuss zu einem Trainingslager für Menschen mit psychischen Beeinträchtigungen
Gesundheit,Zuschuss zu einer Wanderreise für Menschen mit psychischen Beeinträchtigungen
Gesundheit,Zuwendung zu einem integrativen Sportfest für Menschen mit psychischen Beeinträchtigungen
Integration,"EHAP - in neuer Nachbarschaft, Teilprojekt ""Neue Nachbarn in Reinickendorf-West"" Förderzeitraum 1.1.2016 - 31.12.2018"
Jugend,"externe Koordinierungs-, Fachstelle"
Jugend,Interkultureller Mädchentreff
Jugend,"Jugendarbeit an Schulen, Hermann-Schulz-Grundschule"
Jugend,Jugendforum/ Jugendfonds
Jugend,Jugendforum/Jugendfonds
Jugend,Mehrgenerationenhaus II
Jugend,Sofortmaßnahme für junge geflüchtete Menschen im interkulturellen Mädchentreff
Jugend,Sozialpädagogisches Lerntraining und Hausaufgabenhilfe im interkulturellen Mädchentreff
Jugend,Sozpäd. Gruppenarbeit im Interkulturellen Mädchentreff
Integration,Berratung zum Familiennachzug von Geflüchteten i.R: Masterplan Integration
Jugend,Demokratie leben Die Weltreise mit dem Albatros
Jugend,Demokratie leben Fachtag Indenität
Jugend,Demokratie leben Frauenreise
Jugend,Flüchtlingsarbeit im Interkultureller Mädchentreff
Jugend,Jugendforum/Jugendfonds I
Jugend,Jugendforum/Jugendfonds II
Jugend,Sozpädagpgische Gruppenarbeit im Interkulturellen Mädchentreff
Familie,Kofi Bundesprogramm Mehrgenerationenhaus II
Frauen,Bundesprogramm Demokratie Begegnung und Austausch beim Yoga
Gesundheit,Bewegung und Gesundheit in Tegel-Süd
Gesundheit,Stärkung der psychistrischen Versorgung geflüchteter Menschen im Bereich Zuverdienst
Jugend,Bundesprogramm Demokratie Forum 1
Jugend,Bundesprogramm Demokratie Forum 2
Jugend,Bundesprogramm Demokratie Forum 3
Jugend,Bundesprogramm Demokratie Interkulturelles Fußballtraining
Jugend,Bundesprogramm Demokratie Kinder-BVV Reinickendorf
Jugend,Bundesprogramm Demokratie leben KuF
Jugend,Kofi Bundesprogramm Demokratie Forum 1
Jugend,Kofi Bundesprogramm Demokratie Forum 2
Jugend,Kofi Bundesprogramm Demokratie Forum 3
Jugend,Kofi Bundesprogramm Demokratie Interkulturelles Fußballtraining
Jugend,Kofi Bundesprogramm Demokratie Kinder-BVV Reinickendorf
Jugend,Kofi Bundesprogramm Demokratie leben KuF
Jugend,Theater&Empowerment-WS für geflüchtete Mädchen
Jugend,Willkommen im Mädchentreff
Stadtentwicklung,Elterntreff (Programm Soziale Stadt)
